<?xml version="1.0"?>
<extension>
	<id>91d8fb10-c3po-11e3-ac10-0800200c9a66</id>
	<name>PLUGIN_C3PO</name>
	<module>Plugins::C3PO::Plugin</module>
	<version>2.03.02</version>
	<description>PLUGIN_C3PO_DESC</description>
	<creator>marcoc1712</creator>
	<email>marcoc1712@gmail.com</email>
	<defaultState>enabled</defaultState>
	<playerMenu>SETTINGS</playerMenu> 
	
	<homepageURL>https://github.com/marcoc1712/C-3PO</homepageURL>
	<optionsURL>plugins/C3PO/settings/basic.html</optionsURL>
	<type>2</type>
	<targetApplication>
		<id>Logitech Media Server</id>
		<minVersion>7.8</minVersion>
        <maxVersion>*</maxVersion>
	</targetApplication>
</extension>
